ProyectoID,CodigoProyecto,NombreProyecto
1,6001,Proyecto 1
2,6002,Proyecto 2
3,6003,Proyecto 3
4,6004,Proyecto 4
5,6005,Proyecto 5
6,6006,Proyecto 6
7,6007,Proyecto 7
8,6008,Proyecto 8
9,6009,Proyecto 9
10,6010,Proyecto 10
11,6011,Proyecto 11
12,6012,Proyecto 12
13,6013,Proyecto 13
14,6014,Proyecto 14
15,6015,Proyecto 15
16,6016,Proyecto 16
17,6017,Proyecto 17
18,6018,Proyecto 18
19,6019,Proyecto 19
20,6020,Proyecto 20
21,6021,Proyecto 21
22,6022,Proyecto 22
23,6023,Proyecto 23
24,6024,Proyecto 24
25,6025,Proyecto 25
26,6026,Proyecto 26
27,6027,Proyecto 27
28,6028,Proyecto 28
29,6029,Proyecto 29
30,6030,Proyecto 30
31,6031,Proyecto 31
32,6032,Proyecto 32
33,6033,Proyecto 33
34,6034,Proyecto 34
35,6035,Proyecto 35
36,6036,Proyecto 36
37,6037,Proyecto 37
38,6038,Proyecto 38
39,6039,Proyecto 39
40,6040,Proyecto 40
41,6041,Proyecto 41
42,6042,Proyecto 42
43,6043,Proyecto 43
44,6044,Proyecto 44
45,6045,Proyecto 45
46,6046,Proyecto 46
47,6047,Proyecto 47
48,6048,Proyecto 48
49,6049,Proyecto 49
50,6050,Proyecto 50
51,6051,Proyecto 51
52,6052,Proyecto 52
53,6053,Proyecto 53
54,6054,Proyecto 54
55,6055,Proyecto 55
56,6056,Proyecto 56
57,6057,Proyecto 57
58,6058,Proyecto 58
59,6059,Proyecto 59
60,6060,Proyecto 60
61,6061,Proyecto 61
62,6062,Proyecto 62
63,6063,Proyecto 63
64,6064,Proyecto 64
65,6065,Proyecto 65
66,6066,Proyecto 66
67,6067,Proyecto 67
68,6068,Proyecto 68
69,6069,Proyecto 69
70,6070,Proyecto 70
71,6071,Proyecto 71
72,6072,Proyecto 72
73,6073,Proyecto 73
74,6074,Proyecto 74
75,6075,Proyecto 75
76,6076,Proyecto 76
77,6077,Proyecto 77
78,6078,Proyecto 78
79,6079,Proyecto 79
80,6080,Proyecto 80
81,6081,Proyecto 81
82,6082,Proyecto 82
83,6083,Proyecto 83
84,6084,Proyecto 84
85,6085,Proyecto 85
86,6086,Proyecto 86
87,6087,Proyecto 87
88,6088,Proyecto 88
89,6089,Proyecto 89
90,6090,Proyecto 90
91,6091,Proyecto 91
92,6092,Proyecto 92
93,6093,Proyecto 93
94,6094,Proyecto 94
95,6095,Proyecto 95
96,6096,Proyecto 96
97,6097,Proyecto 97
98,6098,Proyecto 98
99,6099,Proyecto 99
100,6100,Proyecto 100
